City_ID,City,Country,Lat,Lng,Max Temp,Humidity,Cloudiness,Wind Speed,Current Description
0,Busselton,AU,-33.65,115.33,60.01,68,100,13.33,overcast clouds
1,Hilo,US,19.73,-155.09,86.0,66,40,8.05,scattered clouds
2,Hermanus,ZA,-34.42,19.23,51.01,86,96,8.01,light rain
3,Ushuaia,AR,-54.8,-68.3,32.0,93,90,20.8,light snow
4,Dingle,PH,11.0,122.67,75.97,91,100,1.7,overcast clouds
5,Tuktoyaktuk,CA,69.45,-133.04,41.0,86,20,8.05,few clouds
6,Cape Town,ZA,-33.93,18.42,55.0,81,75,27.51,light intensity shower rain
7,Arman,RU,59.7,150.17,43.66,75,77,5.21,broken clouds
8,Colesberg,ZA,-30.72,25.1,46.98,37,0,1.01,clear sky
9,Hobart,AU,-42.88,147.33,54.0,50,20,13.87,few clouds
10,Mayo,US,38.89,-76.51,69.8,49,1,6.93,clear sky
11,Ribeira Grande,PT,38.52,-28.7,69.87,81,83,11.34,broken clouds
12,Avarua,CK,-21.21,-159.78,78.8,83,21,18.34,few clouds
13,Yellowknife,CA,62.46,-114.35,42.01,93,90,5.82,light intensity shower rain
14,Touros,BR,-5.2,-35.46,78.8,78,40,8.05,scattered clouds
15,Cherskiy,RU,68.75,161.3,39.92,83,99,11.97,light rain
16,Port Alfred,ZA,-33.59,26.89,61.86,76,73,20.62,broken clouds
17,Albany,US,42.6,-73.97,66.0,47,1,6.96,clear sky
18,Jamestown,US,42.1,-79.24,60.01,62,90,20.8,overcast clouds
19,Saint George,US,37.1,-113.58,91.99,8,1,1.63,clear sky
20,Camacha,PT,33.08,-16.33,69.8,77,40,13.87,scattered clouds
21,Hithadhoo,MV,-0.6,73.08,82.85,73,100,6.82,overcast clouds
22,Baruun-Urt,MN,46.68,113.28,38.21,79,89,4.43,moderate rain
23,Longyearbyen,SJ,78.22,15.64,35.6,93,75,4.7,light rain
24,Kapaa,US,22.08,-159.32,87.01,66,1,8.05,clear sky
25,Provideniya,RU,64.38,-173.3,39.2,80,20,8.95,few clouds
26,Kilifi,KE,-3.63,39.85,75.2,88,20,3.36,few clouds
27,Saldanha,ZA,-33.01,17.94,51.8,81,63,8.05,broken clouds
28,Rikitea,PF,-23.12,-134.97,71.82,82,72,24.2,broken clouds
29,Carnarvon,AU,-24.87,113.63,62.6,100,0,10.29,clear sky
30,Georgetown,MY,5.41,100.34,78.8,94,20,2.24,few clouds
31,Turcianske Teplice,SK,48.86,18.86,57.2,76,90,3.36,light rain
32,Guerrero Negro,MX,27.98,-114.06,96.85,24,0,15.19,clear sky
33,Nikolskoye,RU,59.7,30.79,50.0,87,17,3.58,fog
34,Sochi,RU,43.6,39.73,69.8,77,90,4.47,light intensity shower rain
35,Faanui,PF,-16.48,-151.75,78.66,79,4,23.6,clear sky
36,Paamiut,GL,61.99,-49.67,33.71,75,50,3.42,scattered clouds
37,Bangarapet,IN,12.97,78.2,68.0,100,75,9.17,light rain
38,Sao Filipe,CV,14.9,-24.5,79.56,80,10,9.53,clear sky
39,Srednekolymsk,RU,67.45,153.68,37.24,75,0,13.02,clear sky
40,Rocha,UY,-34.48,-54.33,62.38,87,0,6.51,clear sky
41,Bambous Virieux,MU,-20.34,57.76,70.0,88,75,5.82,broken clouds
42,Yulara,AU,-25.24,130.99,66.2,34,0,10.29,clear sky
43,Kodiak,US,57.79,-152.41,51.8,87,90,24.16,light rain
44,Beringovskiy,RU,63.05,179.32,41.9,76,84,5.84,broken clouds
45,Lorengau,PG,-2.02,147.27,84.31,73,59,6.4,broken clouds
46,Hobyo,SO,5.35,48.53,77.72,84,80,14.81,broken clouds
47,Broome,US,42.25,-75.83,62.01,51,40,11.41,scattered clouds
48,Antalaha,MG,-14.9,50.28,70.72,93,33,3.06,scattered clouds
49,Kavieng,PG,-2.57,150.8,83.8,73,97,8.93,overcast clouds
50,Dakar,SN,14.69,-17.44,84.2,79,20,6.93,thunderstorm
51,Xai-Xai,MZ,-25.05,33.64,68.13,91,88,6.08,light rain
52,Alofi,NU,-19.06,-169.92,82.4,78,75,8.05,broken clouds
53,San Antonio,US,29.42,-98.49,89.01,17,1,10.29,clear sky
54,Tasiilaq,GL,65.61,-37.64,35.6,55,100,8.05,overcast clouds
55,Samarai,PG,-10.62,150.67,79.12,83,88,19.22,light rain
56,Ambilobe,MG,-13.2,49.05,72.23,90,35,3.78,scattered clouds
57,Kashi,CN,39.45,75.98,60.8,38,40,11.18,scattered clouds
58,Gopalpur,IN,19.27,84.92,77.02,89,100,12.06,heavy intensity rain
59,Butaritari,KI,3.07,172.79,82.26,76,74,18.81,broken clouds
60,Dikson,RU,73.51,80.55,38.3,96,100,24.38,light rain
61,Khatanga,RU,71.97,102.5,22.8,98,37,7.49,scattered clouds
62,Namibe,AO,-15.2,12.15,65.19,84,85,4.81,overcast clouds
63,Tateyama,JP,34.98,139.87,66.0,93,100,10.11,light rain
64,Kemijarvi,FI,66.71,27.43,47.73,91,96,4.97,overcast clouds
65,Sitka,US,57.05,-135.33,57.2,82,90,18.34,light rain
66,Ketchikan,US,55.34,-131.65,62.6,77,90,24.16,overcast clouds
67,Henties Bay,NA,-22.12,14.28,55.99,85,85,3.0,overcast clouds
68,Charleston,US,32.78,-79.93,75.99,47,1,5.82,clear sky
69,Kruisfontein,ZA,-34.0,24.73,54.0,76,99,1.01,overcast clouds
70,Bengkulu,ID,-3.8,102.27,76.51,85,98,5.46,overcast clouds
71,Tabou,CI,4.42,-7.35,77.04,87,100,8.5,overcast clouds
72,Atuona,PF,-9.8,-139.03,77.95,78,13,18.95,light rain
73,Mecca,SA,21.43,39.83,79.9,81,0,0.96,clear sky
74,Tombouctou,ML,20.0,-3.0,98.51,9,0,7.4,clear sky
75,Petropavlovka,RU,50.61,105.32,30.24,85,100,6.49,overcast clouds
76,Mahebourg,MU,-20.41,57.7,68.0,88,75,5.82,broken clouds
77,Omagari,JP,39.45,140.48,57.54,80,100,2.08,heavy intensity rain
78,Severo-Kurilsk,RU,50.68,156.12,50.65,86,100,4.83,overcast clouds
79,Saint-Pierre,RE,-21.34,55.48,68.0,77,2,3.36,clear sky
80,Cidreira,BR,-30.18,-50.21,68.7,90,60,12.53,broken clouds
81,Ponta Do Sol,PT,32.67,-17.1,70.0,77,75,12.75,broken clouds
82,Mataura,NZ,-46.19,168.86,44.4,87,97,3.13,overcast clouds
83,Myitkyina,MM,25.38,97.4,73.65,95,30,1.28,light rain
84,Amboasary,MG,-25.03,46.38,69.8,88,75,13.87,broken clouds
85,Alice Springs,AU,-23.7,133.88,64.4,34,0,9.17,clear sky
86,Souillac,MU,-20.52,57.52,68.0,88,75,5.82,broken clouds
87,Tapes,BR,-30.67,-51.4,68.5,87,81,6.58,broken clouds
88,Kuala Terengganu,MY,5.33,103.14,77.0,94,20,3.36,few clouds
89,Andenes,NO,69.31,16.12,51.8,87,93,6.93,overcast clouds
90,Champasak,LA,14.75,106.0,73.4,98,98,0.47,light rain
91,Airai,TL,-8.93,125.41,60.94,65,44,3.09,scattered clouds
92,Elmadag,TR,39.92,33.23,59.0,57,40,1.12,scattered clouds
93,Sao Miguel Do Araguaia,BR,-13.28,-50.16,91.31,20,1,3.09,clear sky
94,New Norfolk,AU,-42.78,147.06,54.0,64,90,5.01,light rain
95,Bredasdorp,ZA,-34.53,20.04,55.4,82,94,17.22,light rain
96,Mantua,IT,45.17,10.78,62.01,85,29,3.0,scattered clouds
97,Qaanaaq,GL,77.48,-69.36,11.35,79,0,6.13,clear sky
98,Eureka,US,40.8,-124.16,68.0,77,90,11.41,haze
99,Santiago De Cuba,CU,20.02,-75.82,80.6,78,75,12.75,broken clouds
100,Ostrovnoy,RU,68.05,39.51,44.55,89,21,14.74,few clouds
101,Jutai,BR,-5.18,-68.9,79.47,82,99,4.45,overcast clouds
102,Esperance,AU,-33.87,121.9,53.6,100,0,10.29,clear sky
103,Thompson,CA,55.74,-97.86,42.8,82,75,21.92,light intensity shower rain
104,Mar Del Plata,AR,-38.0,-57.56,59.0,54,90,11.41,light rain
105,Aykhal,RU,66.0,111.5,24.8,85,90,4.47,overcast clouds
106,Narsaq,GL,60.92,-46.05,32.0,81,52,1.12,broken clouds
107,Umm Kaddadah,SD,13.6,26.69,85.06,51,100,17.58,overcast clouds
108,Vaini,TO,-21.2,-175.2,77.0,88,75,10.29,broken clouds
109,Sechura,PE,-5.56,-80.82,70.93,62,12,19.91,few clouds
110,Verkhoyansk,RU,67.54,133.38,28.38,87,65,5.08,broken clouds
111,Acarau,BR,-2.89,-40.12,78.33,74,2,18.48,clear sky
112,Floro,NO,61.6,5.03,59.0,67,75,16.11,broken clouds
113,Gao,ML,16.64,1.64,95.07,23,70,8.77,broken clouds
114,Sola,VU,-13.88,167.55,80.6,78,90,11.41,overcast clouds
115,Preobrazheniye,RU,42.9,133.91,53.69,69,94,9.31,overcast clouds
116,Ati,TD,13.22,18.34,82.2,65,91,8.55,overcast clouds
117,Flinders,AU,-34.58,150.86,63.0,77,86,4.0,overcast clouds
118,Evensk,RU,61.95,159.23,44.71,84,98,3.89,overcast clouds
119,Semme,FR,46.2,1.5,57.0,82,100,5.82,overcast clouds
120,Tiksi,RU,71.69,128.87,28.24,96,100,22.35,overcast clouds
121,Cabo San Lucas,MX,22.89,-109.91,89.01,62,5,9.17,clear sky
122,Steamboat Springs,US,40.48,-106.83,75.0,12,1,9.17,clear sky
123,Katsuura,JP,35.13,140.3,66.2,88,90,6.93,light rain
124,Chuy,UY,-33.7,-53.46,61.0,86,75,6.35,broken clouds
125,Kaeo,NZ,-35.1,173.78,58.87,52,0,4.29,clear sky
126,Port Elizabeth,ZA,-33.92,25.57,59.0,77,75,16.11,broken clouds
127,Broken Hill,AU,-31.95,141.43,51.8,87,1,3.36,clear sky
128,Santa Fe,AR,-31.63,-60.7,90.0,41,0,4.56,clear sky
129,Anadyr,RU,64.75,177.48,42.8,81,20,5.88,few clouds
130,Kaitangata,NZ,-46.28,169.85,48.4,62,72,4.81,broken clouds
131,Bluff,NZ,-46.6,168.33,45.05,81,100,10.51,overcast clouds
132,Kuytun,RU,54.34,101.5,26.65,94,19,3.36,few clouds
133,Marzuq,YE,14.4,46.47,75.24,45,1,4.32,clear sky
134,Mocuba,MZ,-16.84,36.99,73.67,80,82,5.82,broken clouds
135,Margate,GB,51.38,1.39,60.01,95,100,5.01,light rain
136,Iqaluit,CA,63.75,-68.51,33.8,59,20,14.99,few clouds
137,Isangel,VU,-19.55,169.27,75.2,73,75,5.82,broken clouds
138,Punta Arenas,CL,-53.15,-70.92,39.2,48,75,14.99,broken clouds
139,Lebu,CL,-37.62,-73.65,49.33,64,0,8.97,clear sky
140,Leningradskiy,RU,69.38,178.42,34.21,83,57,2.35,broken clouds
141,Capreol,CA,46.71,-80.92,55.4,66,75,9.17,broken clouds
142,Ipixuna,BR,-1.76,-48.8,77.0,94,40,6.93,light rain
143,Arraial Do Cabo,BR,-22.97,-42.03,75.2,88,1,14.99,clear sky
144,Victor Harbor,AU,-35.57,138.62,48.0,90,30,7.45,scattered clouds
145,Homer,US,59.64,-151.55,55.99,76,75,11.41,light intensity shower rain
146,Lagoa,PT,39.05,-27.98,70.09,77,100,11.54,overcast clouds
147,Westport,US,41.14,-73.36,71.6,40,1,10.29,clear sky
148,Pacific Grove,US,36.62,-121.92,91.0,59,1,5.82,clear sky
149,Lompoc,US,34.64,-120.46,71.6,64,1,10.29,clear sky
150,Arlit,NE,18.74,7.39,96.37,10,51,7.52,broken clouds
151,Bridlington,GB,54.08,-0.19,57.2,93,100,6.93,moderate rain
152,Ixtapa,MX,20.7,-105.2,90.0,70,20,10.29,few clouds
153,San Andres,CO,12.58,-81.7,84.42,69,100,2.95,overcast clouds
154,Yumen,CN,40.28,97.2,38.05,60,0,5.5,clear sky
155,Puerto Ayora,EC,-0.74,-90.35,75.2,64,40,20.8,scattered clouds
156,Mount Isa,AU,-20.73,139.5,75.2,25,2,8.05,clear sky
157,Marystown,CA,47.17,-55.15,66.99,100,21,13.71,few clouds
158,Barrow,US,71.29,-156.79,32.0,95,90,18.34,mist
159,Katobu,ID,-4.94,122.53,74.91,91,98,2.66,light rain
160,Gornopravdinsk,RU,60.05,69.9,44.29,94,79,3.0,broken clouds
161,Sao Joao Da Barra,BR,-21.64,-41.05,77.0,78,0,25.28,clear sky
162,Pedasi,PA,7.53,-80.03,81.75,75,98,3.62,light rain
163,Nome,US,64.5,-165.41,48.99,57,1,18.34,clear sky
164,Meulaboh,ID,4.14,96.13,77.45,87,63,4.43,light rain
165,Esmeraldas,BR,-19.76,-44.31,87.8,33,77,10.29,broken clouds
166,Shu,KZ,43.6,73.76,50.68,44,100,3.8,overcast clouds
167,Missoula,US,47.02,-113.8,75.99,31,1,4.7,clear sky
168,Nanortalik,GL,60.14,-45.24,34.12,84,97,10.69,overcast clouds
169,Cockburn Town,TC,21.46,-71.14,86.0,74,40,18.34,scattered clouds
170,Muzhi,RU,65.37,64.67,45.91,80,5,8.37,clear sky
171,Senneterre,CA,48.38,-77.23,51.8,87,75,5.82,broken clouds
172,Ostersund,SE,63.18,14.64,50.0,81,0,10.29,clear sky
173,Flin Flon,CA,54.77,-101.86,44.6,70,75,13.87,light intensity shower rain
174,Puerto Baquerizo Moreno,EC,-0.9,-89.6,71.6,83,75,13.87,broken clouds
175,Kalianget,ID,-7.05,113.93,81.19,75,51,8.99,broken clouds
176,Santa Lucia,ES,27.91,-15.54,73.4,69,20,19.46,few clouds
177,Nemuro,JP,43.32,145.57,57.51,83,83,11.56,broken clouds
178,Semirom,IR,31.42,51.57,41.54,78,6,1.83,clear sky
179,Quatre Cocos,MU,-20.21,57.76,70.0,88,75,5.82,broken clouds
180,Bud,US,39.45,-86.18,70.0,45,90,5.82,overcast clouds
181,Hornepayne,CA,49.21,-84.77,45.61,95,100,6.11,light rain
182,Norman Wells,CA,65.28,-126.83,51.8,57,75,12.75,broken clouds
183,Tamiahua,MX,21.27,-97.45,78.13,50,4,5.91,clear sky
184,Saskylakh,RU,71.92,114.08,25.41,96,83,0.49,broken clouds
185,Axim,GH,4.87,-2.24,76.12,89,100,8.5,overcast clouds
186,Nishihara,JP,26.18,127.76,77.0,78,20,5.82,few clouds
187,Mbandaka,CD,0.05,18.26,72.43,94,100,2.42,light rain
188,Neryungri,RU,56.67,124.65,37.89,91,100,5.46,overcast clouds
189,Haines Junction,CA,60.75,-137.51,48.72,64,97,2.95,overcast clouds
190,Upernavik,GL,72.79,-56.15,24.69,91,65,6.6,broken clouds
191,Labytnangi,RU,66.66,66.42,42.6,87,2,7.87,clear sky
192,Boldur,RO,45.69,21.78,55.4,100,40,11.41,light rain
193,Labuan,MY,5.28,115.24,77.0,94,20,1.12,few clouds
194,Tura,IN,25.52,90.22,74.43,87,97,1.83,overcast clouds
195,Hamilton,US,39.18,-84.53,73.99,40,75,16.11,broken clouds
196,Tilichiki,RU,60.47,166.1,39.18,96,100,4.21,light rain
197,Wajima,JP,37.4,136.9,65.3,78,100,1.52,light rain
198,Saint-Philippe,RE,-21.36,55.77,68.0,77,41,3.36,scattered clouds
199,Chokurdakh,RU,70.63,147.92,33.98,96,96,14.92,overcast clouds
200,Kailua,US,21.4,-157.74,89.01,62,20,6.93,few clouds
201,Buchanan,LR,5.88,-10.05,75.85,93,100,7.92,moderate rain
202,Gafanha Da Encarnacao,PT,40.62,-8.73,62.01,81,99,3.96,overcast clouds
203,Shenjiamen,CN,29.96,122.3,70.34,76,64,7.58,broken clouds
204,Comodoro Rivadavia,AR,-45.87,-67.5,60.8,23,40,28.86,scattered clouds
205,Villazon,BO,-22.09,-65.59,68.16,20,85,15.12,overcast clouds
206,Onega,RU,63.91,38.14,46.15,93,39,3.74,scattered clouds
207,Omsukchan,RU,62.53,155.8,37.02,88,100,2.62,overcast clouds
208,Buala,SB,-8.14,159.59,82.92,78,94,9.69,moderate rain
209,Saltpond,GH,5.21,-1.06,76.21,90,98,10.2,light rain
210,Castro,BR,-24.79,-50.01,74.17,52,53,3.0,broken clouds
211,Midlothian,US,32.48,-96.99,90.0,21,1,9.17,clear sky
212,East London,ZA,-33.02,27.91,63.01,79,75,10.54,broken clouds
213,Tiznit,MA,29.58,-9.5,68.25,70,0,1.68,clear sky
214,Andrews,US,32.32,-102.55,89.6,9,1,4.7,clear sky
215,Teya,RU,60.38,92.63,32.43,96,100,2.66,overcast clouds
216,Roald,NO,62.58,6.13,55.4,82,72,6.93,broken clouds
217,Dogondoutchi,NE,13.64,4.03,87.04,53,21,11.1,few clouds
218,Segezha,RU,63.74,34.32,47.86,92,96,3.89,overcast clouds
219,Savonlinna,FI,61.87,28.88,51.8,100,10,2.24,clear sky
220,Maskinonge,CA,46.23,-73.02,60.01,67,20,17.22,few clouds
221,Bethel,US,41.37,-73.41,66.2,45,1,13.87,clear sky
222,Rawson,AR,-43.3,-65.1,57.81,34,0,18.75,clear sky
223,Grindavik,IS,63.84,-22.43,35.6,80,40,4.7,scattered clouds
224,Sinnamary,GF,5.38,-52.95,80.4,82,80,11.81,broken clouds
225,Coihaique,CL,-45.58,-72.07,44.6,65,75,8.05,light intensity shower rain
226,Grand Gaube,MU,-20.01,57.66,70.0,80,0,1.01,clear sky
227,Amazar,RU,53.86,120.88,35.29,87,92,2.28,overcast clouds
228,Portland,US,45.52,-122.68,84.99,40,0,1.99,clear sky
229,Avera,US,33.19,-82.53,73.4,46,1,5.82,clear sky
230,Indramayu,ID,-6.33,108.32,80.49,74,0,8.05,clear sky
231,Itoman,JP,26.12,127.67,77.0,69,20,10.29,few clouds
232,Fairbanks,US,64.84,-147.72,59.0,33,75,13.87,broken clouds
233,Worthing,GB,50.81,-0.37,57.99,92,100,4.0,light rain
234,Puerto Gaitan,CO,4.31,-72.08,80.1,74,81,4.16,broken clouds
235,Dalton,US,34.77,-84.97,73.99,38,1,3.36,clear sky
236,Lac Du Bonnet,CA,50.25,-96.06,48.0,99,100,8.01,light rain
237,Athabasca,CA,54.72,-113.29,54.25,45,45,4.99,scattered clouds
238,Dubbo,AU,-32.25,148.62,59.0,87,75,6.93,broken clouds
239,Taoudenni,ML,22.68,-3.98,98.55,9,0,9.75,clear sky
240,Port-Gentil,GA,-0.72,8.78,77.0,83,40,8.05,scattered clouds
241,Oktyabrskiy,RU,54.48,53.47,51.3,88,92,1.34,overcast clouds
242,Nahariyya,IL,33.01,35.09,77.76,72,0,2.59,clear sky
243,Pareora,NZ,-44.49,171.21,51.57,53,20,7.38,few clouds
244,Madimba,TZ,-10.4,40.33,73.6,90,1,5.7,clear sky
245,Port Lincoln,AU,-34.73,135.87,51.46,78,40,8.95,scattered clouds
246,Mount Gambier,AU,-37.83,140.77,42.8,93,75,9.17,broken clouds
247,Yar-Sale,RU,66.83,70.83,43.45,88,97,4.12,overcast clouds
248,Ahar,IR,38.48,47.07,50.22,74,18,4.03,few clouds
249,Poum,NC,-20.23,164.02,70.56,66,73,19.57,broken clouds
250,Acajutla,SV,13.59,-89.83,89.6,43,20,4.32,few clouds
251,Pevek,RU,69.7,170.31,35.78,84,0,11.65,clear sky
252,Atambua,ID,-9.11,124.89,72.72,70,34,3.89,scattered clouds
253,Buritizeiro,BR,-17.35,-44.96,87.42,26,63,6.44,broken clouds
254,Saint-Georges,GD,12.06,-61.75,80.6,88,75,14.99,light intensity shower rain
255,Mtinko,TZ,-4.55,34.85,63.05,75,4,9.44,clear sky
256,Morondava,MG,-20.28,44.28,75.9,68,0,8.93,clear sky
257,Nova Esperanca,BR,4.44,-61.12,76.21,62,73,1.92,broken clouds
258,Pacifica,US,37.61,-122.49,84.0,69,20,5.82,few clouds
259,Denpasar,ID,-8.65,115.22,78.8,100,40,6.93,scattered clouds
260,Altay,CN,47.87,88.12,31.8,87,0,1.1,clear sky
261,Fagetelu,RO,44.78,24.53,51.39,86,92,6.91,overcast clouds
262,Muroto,JP,33.28,134.15,62.6,93,20,8.05,few clouds
263,Takoradi,GH,4.88,-1.76,76.19,89,97,9.4,overcast clouds
264,Bilibino,RU,68.05,166.44,35.24,83,39,1.95,scattered clouds
265,Victoria,HK,22.29,114.16,79.0,81,100,1.99,overcast clouds
266,Awbari,LY,26.59,12.78,81.81,18,60,3.76,broken clouds
267,Tual,ID,-5.67,132.75,81.25,79,57,18.37,broken clouds
268,Tocopilla,CL,-22.09,-70.2,66.58,54,64,12.77,broken clouds
269,Darovskoy,RU,58.77,47.96,48.27,95,98,3.53,overcast clouds
270,Hambantota,LK,6.12,81.12,77.0,100,75,8.05,broken clouds
271,Muros,ES,42.78,-9.06,59.0,92,100,11.99,moderate rain
272,Chunhuhub,MX,19.55,-88.68,79.02,92,100,3.02,moderate rain
273,Novyy Urengoy,RU,66.08,76.63,36.55,88,83,5.82,broken clouds
274,San Felipe,VE,10.34,-68.74,77.23,88,59,4.29,moderate rain
275,Ghanzi,BW,-21.57,21.78,74.07,22,40,6.35,scattered clouds
276,Pitlochry,GB,56.71,-3.73,48.0,94,91,3.47,overcast clouds
277,Herat,AF,34.5,62.0,42.24,60,0,4.59,clear sky
278,Labuhan,ID,-6.88,112.21,79.16,81,67,5.39,broken clouds
279,Geraldton,AU,-28.77,114.6,55.4,87,90,8.05,overcast clouds
280,Shache,CN,38.42,77.24,53.37,40,41,11.32,scattered clouds
281,Hay River,CA,60.82,-115.8,50.0,61,75,6.93,broken clouds
282,Kurilsk,RU,45.23,147.88,55.33,80,24,4.68,few clouds
283,Kirakira,SB,-10.45,161.92,77.23,87,100,6.4,moderate rain
284,Constitucion,CL,-35.33,-72.42,51.75,61,49,15.48,scattered clouds
285,Celestun,MX,20.87,-90.4,81.05,80,93,17.47,light rain
286,Klaksvik,FO,62.23,-6.59,44.6,81,100,10.29,overcast clouds
287,Bathsheba,BB,13.22,-59.52,84.2,74,40,17.22,shower rain
288,Ancud,CL,-41.87,-73.82,50.0,87,75,10.29,broken clouds
289,Otane,NZ,-39.88,176.63,57.18,52,0,2.98,clear sky
290,Papayal,PE,-4.08,-80.74,79.5,47,26,9.51,scattered clouds
291,Jiazi,CN,22.88,116.07,73.8,79,70,16.2,broken clouds
292,Ibipeba,BR,-11.64,-42.01,76.53,37,0,9.01,clear sky
293,Pochutla,MX,15.74,-96.47,87.8,66,75,8.05,broken clouds
294,Ponnani,IN,10.77,75.93,75.2,88,75,3.36,mist
295,Vila Velha,BR,-20.33,-40.29,80.01,83,3,17.22,clear sky
296,Vestmanna,FO,62.16,-7.17,44.6,81,100,10.29,overcast clouds
297,Praia Da Vitoria,PT,38.73,-27.07,68.0,94,40,9.35,scattered clouds
298,Azare,NG,11.68,10.19,75.69,79,80,5.75,broken clouds
299,Hervey Bay,AU,-25.3,152.85,70.0,73,28,4.0,scattered clouds
300,Weligama,LK,5.97,80.42,78.66,86,91,11.27,light rain
301,Gizo,SB,-8.1,156.84,82.96,74,94,8.01,overcast clouds
302,Hasaki,JP,35.73,140.83,63.0,93,90,5.82,light rain
303,Santa Cruz De Tenerife,ES,28.47,-16.25,66.99,88,75,14.99,broken clouds
304,Atar,MR,20.52,-13.05,95.49,18,69,11.97,broken clouds
305,Palmer,US,42.16,-72.33,69.8,37,20,18.34,few clouds
306,Volkach,DE,49.87,10.23,52.0,91,46,4.34,scattered clouds
307,Zeya,RU,53.75,127.27,41.41,73,90,4.63,overcast clouds
308,Goderich,CA,43.75,-81.72,62.01,50,96,5.99,moderate rain
309,Hofn,IS,64.25,-15.21,44.85,87,100,10.92,moderate rain
310,Mutoko,ZW,-17.4,32.23,62.71,78,0,6.62,clear sky
311,Shelopugino,RU,51.65,117.56,38.66,76,100,2.77,overcast clouds
312,Ilulissat,GL,69.22,-51.1,24.8,45,0,5.82,clear sky
313,Buritis,BR,-15.62,-46.42,86.07,26,19,4.27,few clouds
314,Prince Rupert,CA,54.32,-130.32,64.4,72,20,9.17,few clouds
315,Anchorage,US,61.22,-149.9,52.0,87,90,3.36,light rain
316,Durban,ZA,-29.86,31.03,62.6,77,0,13.87,clear sky
317,Salalah,OM,17.02,54.09,77.0,88,20,4.7,few clouds
318,Zykovo,RU,55.95,93.15,33.8,86,40,2.24,light shower snow
319,Kerema,PG,-7.96,145.78,79.02,82,98,1.07,overcast clouds
320,Cadereyta,MX,25.58,-99.98,82.4,26,5,6.93,clear sky
321,Codrington,AU,-38.27,141.97,47.21,85,5,9.71,clear sky
322,Santa Isabel Do Rio Negro,BR,-0.41,-65.02,83.07,73,93,2.37,overcast clouds
323,Gravelbourg,CA,49.88,-106.55,48.92,50,93,19.51,overcast clouds
324,Torbay,CA,47.67,-52.73,71.6,88,75,17.22,broken clouds
325,Pangnirtung,CA,66.15,-65.71,33.8,47,20,3.36,few clouds
326,Coahuayana,MX,18.73,-103.68,80.6,69,75,11.41,broken clouds
327,Luderitz,NA,-26.65,15.16,54.88,68,5,20.45,clear sky
328,Uarini,BR,-2.99,-65.11,73.4,94,75,5.82,moderate rain
329,Odweyne,SO,9.41,45.06,73.4,59,100,10.13,overcast clouds
330,San Policarpo,PH,12.18,125.51,78.37,86,100,5.28,overcast clouds
331,Kavaratti,IN,10.57,72.64,80.71,77,97,12.8,overcast clouds
332,Sabha,LY,27.04,14.43,83.48,30,43,16.71,scattered clouds
333,Cambridge,CA,43.36,-80.31,55.99,87,75,12.75,broken clouds
334,Filingue,NE,14.35,3.32,87.64,52,64,13.85,broken clouds
335,Beziers,FR,43.35,3.22,57.99,93,6,3.18,clear sky
336,Gabaldon,PH,15.45,121.34,76.24,81,89,0.6,moderate rain
337,Bubaque,GW,11.28,-15.83,78.33,86,100,7.94,moderate rain
338,Tutoia,BR,-2.76,-42.27,79.38,77,57,18.16,broken clouds
339,Kresek,ID,-6.13,106.38,80.01,83,20,6.93,haze
340,Kobryn,BY,52.21,24.36,53.22,85,100,9.13,overcast clouds
341,Farkhor,TJ,37.49,69.4,50.0,93,20,3.91,few clouds
342,Chicama,PE,-7.84,-79.15,67.33,69,62,10.0,broken clouds
343,Luanda,AO,-8.84,13.23,75.2,78,75,6.93,broken clouds
344,Libourne,FR,44.92,-0.25,61.0,87,100,6.93,overcast clouds
345,Makakilo City,US,21.35,-158.09,86.0,51,1,6.93,clear sky
346,Emmett,US,43.87,-116.5,82.99,30,0,7.07,clear sky
347,Cheremukhovo,RU,60.35,59.99,43.74,84,0,2.13,clear sky
348,Neuquen,AR,-38.95,-68.06,59.0,21,0,14.99,clear sky
349,Iquique,CL,-20.22,-70.14,62.6,67,90,19.46,overcast clouds
350,Riyadh,SA,24.69,46.72,78.8,27,0,6.93,clear sky
351,Fomboni,KM,-12.28,43.74,78.22,78,0,4.54,clear sky
352,Marabba,SD,12.35,32.18,77.09,75,100,10.92,overcast clouds
353,Garowe,SO,8.41,48.48,78.76,62,96,7.74,overcast clouds
354,Port Hedland,AU,-20.32,118.57,62.6,88,0,5.82,clear sky
355,Manavalakurichi,IN,8.13,77.3,78.8,94,40,3.36,mist
356,Ejido,VE,8.55,-71.24,73.89,60,66,3.56,moderate rain
357,Saint-Augustin,CA,51.23,-58.65,60.42,92,100,18.39,overcast clouds
358,Saint-Francois,FR,46.42,3.91,53.01,93,75,5.82,broken clouds
359,Komsomolskiy,UZ,40.43,71.72,53.6,76,20,4.7,few clouds
360,Bessemer,US,33.4,-86.95,77.0,44,0,9.17,clear sky
361,Niquelandia,BR,-14.47,-48.46,88.16,21,8,4.14,clear sky
362,Suozhen,CN,36.95,118.1,64.0,64,20,5.97,few clouds
363,Bandarbeyla,SO,9.49,50.81,80.46,70,80,24.94,broken clouds
364,Pula,HR,44.87,13.85,51.8,93,0,1.12,clear sky
365,Liaozhong,CN,41.51,122.72,41.0,93,98,4.47,light rain
366,Ahuimanu,US,21.44,-157.84,89.01,62,20,6.93,few clouds
367,Brae,GB,60.4,-1.35,51.8,100,100,19.46,moderate rain
368,Kodinsk,RU,58.69,99.18,30.72,97,100,4.52,overcast clouds
369,Acapulco,MX,16.86,-99.89,86.0,74,20,9.17,few clouds
370,Manadhoo,MV,5.77,73.38,81.41,75,100,9.98,overcast clouds
371,Kharp,RU,66.8,65.81,42.28,88,37,6.64,scattered clouds
372,Shingu,JP,33.73,135.98,66.96,81,97,4.03,overcast clouds
373,Shimoda,JP,34.67,138.95,60.01,94,100,8.43,light rain
374,Palembang,ID,-2.92,104.75,74.12,95,29,1.97,light rain
375,Amarante Do Maranhao,BR,-5.57,-46.74,83.46,49,97,3.89,overcast clouds
376,Tulle,FR,45.33,1.83,55.99,48,98,1.01,overcast clouds
377,Kieta,PG,-6.22,155.63,82.65,73,100,0.87,light rain
378,Sobolevo,RU,54.43,31.9,51.96,57,36,12.35,scattered clouds
379,Galveston,US,29.37,-94.97,82.99,37,1,10.29,clear sky
380,Digby,CA,44.62,-65.77,66.99,88,100,5.99,overcast clouds
381,Brooks,CA,50.58,-111.89,59.0,33,41,1.01,scattered clouds
382,Lovozero,RU,68.0,35.01,39.54,90,12,1.92,few clouds
383,Tres Lagoas,BR,-20.75,-51.68,93.49,12,18,8.95,few clouds
384,Caravelas,BR,-17.71,-39.25,74.28,86,0,6.38,clear sky
385,La Brea,HN,15.8,-85.97,81.16,85,90,2.82,moderate rain
386,Baculin,PH,7.45,126.58,78.55,76,39,4.5,scattered clouds
387,Shaowu,CN,27.34,117.48,63.91,89,27,1.72,scattered clouds
388,Clyde River,CA,70.47,-68.59,28.4,92,75,12.75,light snow
389,Murchison,NZ,-41.8,172.33,54.57,54,11,1.36,few clouds
390,Oleksandrivka,UA,48.96,32.23,57.67,91,98,14.52,moderate rain
391,Tautira,PF,-17.73,-149.15,78.8,78,75,8.05,broken clouds
392,Nadvoitsy,RU,63.87,34.32,46.99,92,93,3.06,overcast clouds
393,Eston,CA,51.15,-108.75,55.99,35,20,19.46,few clouds
394,Vardo,NO,70.37,31.11,50.0,87,40,3.36,scattered clouds
395,Yashkul,RU,46.17,45.34,58.77,49,98,18.63,overcast clouds
396,Baoning,CN,25.34,110.03,69.8,94,90,2.24,mist
397,Taman,RU,45.21,36.72,57.2,87,40,4.47,scattered clouds
398,Marmande,FR,44.5,0.17,60.01,84,67,4.18,broken clouds
399,Inirida,CO,3.87,-67.92,80.53,81,100,2.82,overcast clouds
400,Bay Roberts,CA,47.6,-53.26,70.0,1,49,14.41,scattered clouds
401,Petropavlovsk-Kamchatskiy,RU,53.05,158.65,44.6,100,20,8.95,few clouds
402,Adilcevaz,TR,38.8,42.73,53.6,62,20,1.12,few clouds
403,Tomatlan,MX,19.93,-105.25,84.54,78,58,6.04,moderate rain
404,Kloulklubed,PW,7.04,134.26,77.0,88,90,6.93,overcast clouds
405,Talnakh,RU,69.49,88.4,24.8,100,40,4.47,scattered clouds
406,Mahibadhoo,MV,3.78,72.97,81.61,79,100,9.08,light rain
407,Ossora,RU,59.24,163.07,46.45,79,96,3.13,overcast clouds
408,Zhezkazgan,KZ,47.8,67.71,44.87,49,50,8.37,scattered clouds
409,Klyuchi,RU,52.27,79.17,42.1,60,94,6.87,overcast clouds
410,Vila,PT,42.03,-8.16,63.0,77,75,6.93,broken clouds
411,Port Augusta,AU,-32.5,137.77,55.0,100,14,4.7,few clouds
412,Saint-Joseph,RE,-21.37,55.62,68.0,77,20,3.36,few clouds
413,Macusani,PE,-14.08,-70.43,40.62,75,97,7.61,light rain
414,Lavrentiya,RU,65.58,-171.0,37.11,79,4,12.03,clear sky
415,Solnechnyy,RU,50.72,136.63,42.55,80,0,1.16,clear sky
416,Coquimbo,CL,-29.95,-71.34,60.8,63,30,14.99,scattered clouds
417,Kabanjahe,ID,3.1,98.49,63.09,95,20,1.48,light rain
418,Grand-Santi,GF,4.25,-54.38,85.53,50,100,3.04,overcast clouds
419,Shakiso,ET,5.75,38.92,60.17,91,98,2.68,light rain
420,Najran,SA,17.49,44.13,75.2,23,11,4.12,few clouds
421,Lumphat,KH,13.49,106.98,72.7,96,86,1.39,overcast clouds
422,Kurchum,KZ,48.57,83.65,38.28,77,0,8.75,clear sky
423,Thunder Bay,CA,48.4,-89.32,53.6,76,75,10.29,broken clouds
424,Pozo Colorado,PY,-23.49,-58.8,98.31,19,49,8.68,scattered clouds
425,Callaguip,PH,18.07,120.49,77.0,100,75,3.36,broken clouds
426,Qasigiannguit,GL,68.82,-51.19,24.8,45,34,5.82,scattered clouds
427,Umea,SE,63.83,20.26,50.0,100,90,2.24,fog
428,Mountrath,IE,53.0,-7.47,46.0,93,60,1.99,broken clouds
429,Batemans Bay,AU,-35.72,150.18,60.01,74,62,4.0,broken clouds
430,Zhigansk,RU,66.77,123.37,27.82,97,79,4.32,broken clouds
431,Clarence Town,AU,-32.58,151.78,59.0,87,75,17.22,light rain
432,Menongue,AO,-14.66,17.69,65.73,73,100,4.94,overcast clouds
433,Nakamura,JP,32.98,132.93,62.37,90,0,3.78,clear sky
434,Strezhevoy,RU,60.73,77.59,39.2,93,100,3.13,overcast clouds
435,Pinawa,CA,50.15,-95.88,46.56,88,100,9.6,light rain
436,Redlands,US,34.06,-117.18,107.6,6,5,9.17,clear sky
437,Pudozh,RU,61.81,36.53,49.59,83,95,3.29,overcast clouds
438,Montes Altos,BR,-5.83,-47.07,84.25,49,94,2.28,overcast clouds
439,Tomari,RU,47.77,142.07,51.6,69,84,6.15,broken clouds
440,Cukai,MY,4.25,103.42,75.2,94,12,2.24,few clouds
441,Ugoofaaru,MV,5.67,73.0,81.48,74,99,10.0,overcast clouds
442,San Jose,US,37.34,-121.89,91.0,39,5,5.82,smoke
443,Asyut,EG,27.18,31.18,86.0,37,0,11.41,clear sky
444,Port-Cartier,CA,50.03,-66.87,57.2,93,75,20.8,broken clouds
445,Lac-Megantic,CA,45.58,-70.88,55.99,76,45,1.99,scattered clouds
446,Nelson Bay,AU,-32.72,152.15,59.0,87,75,17.22,light rain
447,Sokoni,TZ,-6.43,39.55,77.29,85,0,12.41,clear sky
448,Dese,ET,11.13,39.63,52.38,83,71,1.63,broken clouds
449,Payo,ID,-3.75,103.64,71.64,93,10,1.95,clear sky
450,Ankazoabo,MG,-22.28,44.52,69.57,69,0,10.18,clear sky
451,Dossor,KZ,47.53,52.98,59.88,35,0,10.18,clear sky
452,Ozernovskiy,RU,51.5,156.52,49.86,88,100,1.88,overcast clouds
453,Assiniboia,CA,49.63,-105.98,47.86,52,94,20.78,overcast clouds
454,Warmbad,NA,-28.45,18.73,48.18,69,0,12.1,clear sky
455,Enshi,CN,30.3,109.48,63.25,83,75,0.36,broken clouds
456,Ochakiv,UA,46.61,31.55,59.0,82,20,2.24,few clouds
457,Emba,KZ,48.83,58.14,52.97,60,0,10.47,clear sky
458,Maebaru,JP,33.55,130.2,66.0,93,20,3.36,few clouds
459,Gat,IL,31.61,34.76,78.01,80,0,1.36,clear sky
460,Colquechaca,BO,-18.67,-66.02,40.66,83,62,10.45,light rain
461,Praya,CV,14.92,-23.51,78.8,83,20,12.75,few clouds
462,Port Blair,IN,11.67,92.75,81.1,82,100,18.37,moderate rain
463,Vestmannaeyjar,IS,63.44,-20.27,41.34,71,100,15.46,overcast clouds
464,Valle De Juarez,MX,19.93,-102.93,71.62,55,34,1.39,scattered clouds
465,Ambon,ID,-3.7,128.18,75.2,94,40,6.93,scattered clouds
466,Norwalk,US,33.9,-118.08,102.99,32,1,10.29,clear sky
467,Kapit,MY,2.02,112.93,73.31,93,100,0.92,overcast clouds
468,Ilebo,CD,-4.32,20.58,73.96,79,22,1.14,few clouds
469,Rurrenabaque,BO,-14.44,-67.53,88.83,43,0,4.56,clear sky
470,Te Anau,NZ,-45.42,167.72,44.44,86,98,3.78,overcast clouds
471,Necochea,AR,-38.55,-58.74,54.0,87,100,1.16,overcast clouds
472,Jalu,LY,29.03,21.55,80.83,39,0,8.63,clear sky
473,San Quintin,MX,30.48,-115.95,89.8,26,0,13.22,clear sky
474,Vera Cruz,BR,-12.63,-41.03,78.8,54,36,5.82,scattered clouds
475,Kapiri Mposhi,ZM,-13.97,28.68,70.27,47,0,9.19,clear sky
476,Clifton,US,40.86,-74.16,69.8,43,1,12.75,clear sky
477,Jaynagar-Majilpur,IN,22.18,88.42,80.6,94,75,4.7,light rain
478,Yarensk,RU,62.17,49.09,46.96,96,43,4.14,scattered clouds
479,Virginia Beach,US,36.85,-75.98,72.0,49,0,4.0,clear sky
480,Longhua,CN,23.61,114.19,72.75,83,96,1.72,light rain
481,Beloha,MG,-25.17,45.05,65.97,74,76,12.21,broken clouds
482,Mackenzie,CA,55.3,-123.17,53.6,58,1,2.24,clear sky
483,Skelleftea,SE,64.75,20.95,52.0,93,98,3.36,overcast clouds
484,Mahenge,TZ,-8.68,36.72,65.39,62,0,3.6,clear sky
485,Bowen,AU,-20.02,148.23,64.4,88,40,3.36,scattered clouds
486,Santo Domingo,DO,18.5,-69.99,82.0,94,75,3.56,broken clouds
487,Argelia,CO,2.26,-77.25,70.41,75,78,0.45,moderate rain
488,Petrolina,BR,-9.4,-40.5,87.8,33,0,12.75,clear sky
489,Liverpool,GB,53.41,-2.98,55.4,93,75,6.93,light rain
490,Shitanjing,CN,39.23,106.34,46.04,51,5,7.99,clear sky
491,Tongliao,CN,43.61,122.27,49.8,59,100,5.19,moderate rain
492,Gushikawa,JP,26.35,127.87,73.4,83,1,5.82,clear sky
493,Tibacuy,CO,4.35,-72.46,78.28,81,88,4.03,overcast clouds
494,Nantucket,US,41.28,-70.1,68.0,77,1,20.8,clear sky
495,Tuatapere,NZ,-46.13,167.68,47.86,75,98,5.19,overcast clouds
496,Santa Cruz,BO,-17.8,-63.17,93.2,46,3,19.46,clear sky
497,Suntar,RU,62.14,117.63,24.75,93,29,2.64,scattered clouds
498,Tepalcatepec,MX,19.18,-102.85,88.29,45,63,3.15,broken clouds
499,Biltine,TD,14.53,20.92,81.19,64,99,9.64,overcast clouds
500,Tongren,CN,27.72,109.19,65.1,87,100,1.81,light rain
501,Tamandare,BR,-8.76,-35.1,75.52,81,5,8.79,clear sky
502,Husavik,IS,66.04,-17.34,41.0,86,90,6.93,moderate rain
503,Cayenne,GF,4.93,-52.33,82.4,78,90,6.93,overcast clouds
504,Tres Arroyos,AR,-38.37,-60.28,59.47,54,98,2.42,overcast clouds
505,Diapaga,BF,12.07,1.79,73.53,91,65,6.53,broken clouds
506,Gomel,BY,52.43,30.98,55.4,62,86,8.95,overcast clouds
507,Imeni Zhelyabova,RU,58.95,36.6,47.35,85,0,4.88,clear sky
508,Lichinga,MZ,-13.31,35.24,69.8,49,20,9.17,few clouds
509,Tucuman,AR,-26.82,-65.22,98.6,22,1,9.17,clear sky
510,Druzhba,UA,52.04,33.95,59.74,37,85,14.2,overcast clouds
511,Kuzino,RU,57.02,59.44,44.1,94,0,0.78,clear sky
512,Mahanoro,MG,-19.9,48.8,70.02,93,15,5.12,few clouds
513,Lucapa,AO,-8.42,20.74,68.85,93,62,2.73,light rain
514,Vysokogornyy,RU,50.12,139.15,39.52,83,0,0.49,clear sky
515,Saint Anthony,US,45.02,-93.22,62.6,41,75,18.34,broken clouds
516,Guarapari,BR,-20.67,-40.5,80.01,83,4,17.22,clear sky
517,Gorbatov,RU,56.13,43.06,44.6,93,98,2.24,overcast clouds
518,Chongwe,ZM,-15.33,28.68,71.6,53,0,5.82,clear sky
519,Wanning,CN,18.8,110.4,78.8,87,51,2.82,broken clouds
520,Balabac,PH,7.99,117.06,81.41,77,100,5.53,light rain
521,Jacqueville,CI,5.21,-4.41,78.8,88,20,9.17,few clouds
522,Quang Ngai,VN,15.12,108.8,76.93,83,85,4.56,overcast clouds
523,Byron Bay,AU,-28.65,153.62,66.2,68,40,2.24,scattered clouds
524,Karaton,ID,-6.34,106.1,82.0,83,20,6.93,haze
525,Lasa,IT,46.62,10.7,48.0,87,5,3.36,clear sky
526,Anito,PH,12.45,125.29,78.15,87,100,3.27,overcast clouds
527,Vila Franca Do Campo,PT,37.72,-25.43,68.0,77,75,1.12,broken clouds
528,Tukan,RU,53.84,57.46,44.71,91,0,1.83,clear sky
529,Denton,US,33.2,-97.13,91.99,17,1,11.41,clear sky
530,Ballina,AU,-28.87,153.57,66.2,68,40,2.24,scattered clouds
531,Kathmandu,NP,27.72,85.32,69.8,94,75,3.36,broken clouds
532,Ranong,TH,9.97,98.63,79.3,85,87,7.4,light rain
533,Itarema,BR,-2.92,-39.92,78.22,75,0,16.71,clear sky
534,Chapais,CA,49.78,-74.85,48.2,93,90,6.93,light rain
535,Burns Lake,CA,54.23,-125.75,56.82,69,100,3.69,overcast clouds
536,Poquoson,US,37.12,-76.35,71.6,52,1,13.87,clear sky
537,Kyabram,AU,-36.32,145.05,46.2,89,2,6.69,clear sky
538,Bone,DE,51.97,12.14,50.0,83,11,3.2,few clouds
539,College,US,64.86,-147.8,59.0,53,90,9.17,overcast clouds
540,Luganville,VU,-15.53,167.17,78.8,83,75,13.87,shower rain
541,Laguna,US,38.42,-121.42,100.0,15,1,9.17,haze
542,Cabedelo,BR,-6.98,-34.83,78.8,74,20,13.87,few clouds
543,Luxeuil-Les-Bains,FR,47.82,6.37,51.8,93,75,3.36,broken clouds
544,Sur,OM,22.57,59.53,81.7,52,0,6.53,clear sky
545,Rothenbach,DE,47.62,9.98,48.99,80,0,3.0,clear sky
546,Raseiniai,LT,55.37,23.12,51.8,93,100,9.17,overcast clouds
547,Dunedin,NZ,-45.87,170.5,49.23,58,82,0.2,broken clouds
548,Richards Bay,ZA,-28.78,32.04,65.21,76,17,17.94,few clouds
549,Aklavik,CA,68.22,-135.01,35.6,100,90,8.05,fog
550,Dauphin,CA,51.15,-100.05,48.2,66,90,21.92,overcast clouds
551,Antofagasta,CL,-23.65,-70.4,59.0,77,75,17.22,broken clouds
552,Redcliffe,AU,-27.23,153.1,66.99,63,40,16.11,scattered clouds
553,Berlevag,NO,70.86,29.09,50.0,87,89,3.36,overcast clouds
554,Narasannapeta,IN,18.42,84.05,75.81,88,100,5.86,overcast clouds
555,Port Hardy,CA,50.7,-127.42,71.6,60,75,8.05,broken clouds
556,Trincomalee,LK,8.57,81.23,79.88,78,77,17.4,broken clouds
557,Linxia,CN,35.6,103.21,47.84,71,100,2.04,overcast clouds
558,Centerville,US,39.63,-84.16,69.01,48,90,10.29,overcast clouds
559,Goma,CD,-1.68,29.22,62.89,78,24,2.93,light rain
560,Teguise,ES,29.06,-13.56,73.4,69,20,10.29,few clouds
561,Bealanana,MG,-14.55,48.73,60.49,92,11,0.16,few clouds
562,Damietta,EG,31.42,31.81,80.6,78,20,6.93,few clouds
563,Arcata,US,40.87,-124.08,68.0,77,90,11.41,haze
564,Leh,IN,34.17,77.58,41.23,55,0,3.98,clear sky
565,Tashla,RU,51.77,52.74,52.68,55,0,5.79,clear sky
566,Pisco,PE,-13.7,-76.22,68.0,72,17,20.8,few clouds
567,Parfenyevo,RU,58.48,43.41,47.86,93,62,4.47,broken clouds
568,Fuerte Olimpo,PY,-21.04,-57.87,98.92,18,0,8.57,clear sky
569,Asbury Park,US,40.22,-74.01,70.0,46,1,11.41,clear sky
570,Kununurra,AU,-15.77,128.73,75.2,100,94,1.12,overcast clouds
571,Bull Savanna,JM,17.89,-77.59,79.27,77,96,16.33,overcast clouds
572,Sept-Iles,CA,50.2,-66.38,57.2,93,75,20.8,broken clouds
573,Quelimane,MZ,-17.88,36.89,75.2,88,37,4.7,scattered clouds
574,Columbia,US,34.0,-81.03,75.2,46,1,3.36,clear sky
575,Aduturai,IN,11.01,79.48,76.42,80,100,10.4,overcast clouds
576,Elizabethtown,US,37.69,-85.86,78.8,33,1,19.46,clear sky
577,Jumla,NP,29.27,82.18,54.25,59,0,3.74,clear sky
578,Lanxi,CN,29.22,119.48,60.62,91,0,2.04,clear sky
579,Tianguismanalco,MX,18.95,-98.43,69.8,46,40,3.36,scattered clouds
580,Kutum,SD,14.2,24.67,77.7,59,100,19.98,overcast clouds
581,Turka,UA,49.15,23.03,51.01,90,100,4.23,light rain
582,Tahta,EG,26.77,31.5,87.8,15,0,6.93,clear sky
583,Moroni,KM,-11.7,43.26,77.59,72,0,4.09,clear sky
584,Lanquin,GT,15.57,-89.97,76.77,87,36,2.62,moderate rain
585,Noyabrsk,RU,63.2,75.45,39.92,86,100,7.11,light rain
586,Manokwari,ID,-0.87,134.08,79.47,73,99,3.11,overcast clouds
587,Ellsworth,US,44.54,-68.42,64.99,88,1,14.99,clear sky
588,Boende,CD,-0.22,20.87,71.71,92,93,0.85,light rain
589,Hami,CN,42.8,93.45,48.02,42,0,15.88,clear sky
590,Cajati,BR,-24.74,-48.12,73.63,85,37,4.7,scattered clouds
591,Lewiston,US,44.1,-70.21,68.0,49,40,10.29,scattered clouds
592,Gunjur,GM,13.2,-16.73,77.0,100,40,11.88,scattered clouds
593,Kushima,JP,31.46,131.23,62.6,93,20,6.93,few clouds
594,Sattur,IN,9.37,77.93,77.0,88,40,6.93,scattered clouds
595,Olafsvik,IS,64.89,-23.71,40.26,71,72,13.85,broken clouds
596,Kaseda,JP,31.42,130.32,59.0,100,40,5.82,fog
597,Camana,PE,-16.62,-72.71,62.87,75,68,5.99,broken clouds
598,Kendari,ID,-3.94,122.5,73.71,90,97,3.65,overcast clouds
599,Stokmarknes,NO,68.56,14.91,52.0,92,67,2.98,broken clouds
600,Bati,ET,11.18,40.02,68.86,60,44,5.68,scattered clouds
601,Kyra,RU,49.58,111.98,39.72,90,100,10.96,light rain
602,Nuevo Imperial,PE,-13.08,-76.32,64.69,72,20,6.2,few clouds
603,Huarmey,PE,-10.07,-78.15,65.21,75,21,10.56,few clouds
604,Shubarkuduk,KZ,49.14,56.49,53.38,60,0,10.2,clear sky
605,Novi Sanzhary,UA,49.34,34.31,59.14,70,84,19.19,broken clouds
606,Point Pedro,LK,9.82,80.23,82.18,78,78,14.23,light rain
607,Xining,CN,36.62,101.77,46.24,75,98,2.95,overcast clouds
608,Tigzirt,DZ,36.89,4.12,70.52,82,100,4.72,overcast clouds
609,Setermoen,NO,68.86,18.35,46.4,100,72,5.82,broken clouds
610,Tessalit,ML,20.2,1.01,90.21,12,0,9.91,clear sky
611,Buraydah,SA,26.33,43.98,80.6,32,0,5.82,clear sky
612,Abnub,EG,27.27,31.15,86.0,37,0,11.41,clear sky
613,Deputatskiy,RU,69.3,139.9,25.41,94,39,23.71,scattered clouds
614,Suchiapa,MX,16.62,-93.08,77.0,69,75,17.22,broken clouds
615,Kroya,ID,-7.63,109.25,63.0,88,53,5.35,light rain
616,Belmonte,BR,-15.86,-38.88,77.0,73,40,10.29,scattered clouds
617,Lanzhou,CN,36.06,103.79,53.01,73,88,1.03,overcast clouds
618,Quchan,IR,37.11,58.51,43.43,53,73,6.06,broken clouds
619,Sovetskaya Gavan,RU,48.97,140.29,47.79,72,9,4.76,clear sky
620,Sambava,MG,-14.27,50.17,72.61,92,53,4.52,broken clouds
621,Taltal,CL,-25.4,-70.48,61.39,63,58,5.75,broken clouds
622,Maarianhamina,AX,60.1,19.93,50.0,93,40,2.24,scattered clouds
623,Wucheng,CN,29.6,118.17,60.35,84,5,2.37,clear sky
624,Marsa Matruh,EG,31.35,27.25,75.2,64,0,6.93,clear sky
625,Zhanaozen,KZ,43.3,52.8,51.42,46,0,11.63,clear sky
626,Altar,MX,30.7,-111.82,102.99,12,0,8.01,clear sky
627,Zamora,EC,-4.07,-78.96,69.55,70,94,1.23,light rain
628,Kayerkan,RU,69.35,87.76,24.8,100,40,4.47,scattered clouds
629,Road Town,VG,18.42,-64.62,84.99,88,85,3.0,light rain
630,Sao Gabriel Da Cachoeira,BR,-0.13,-67.09,77.74,93,100,1.95,light rain
631,Gambo,CF,4.65,22.26,68.77,97,100,1.79,overcast clouds
632,Caxias,PT,38.7,-9.28,64.0,77,20,6.93,few clouds
633,Mayumba,GA,-3.43,10.66,75.58,79,87,6.46,overcast clouds
634,Bonthe,SL,7.53,-12.51,77.92,88,100,4.7,light rain
635,Archidona,ES,37.1,-4.39,69.01,85,95,1.01,overcast clouds
636,Bokoro,TD,12.38,17.06,79.54,66,83,6.06,broken clouds
637,Poronaysk,RU,49.22,143.12,47.1,81,57,7.11,broken clouds
638,Churachandpur,IN,24.33,93.67,68.54,98,100,1.61,moderate rain
639,Palu,ID,-0.89,119.87,75.96,78,93,2.95,overcast clouds
640,Abomsa,ET,9.98,39.98,70.5,54,98,5.1,overcast clouds
641,Sompeta,IN,18.93,84.6,78.87,82,100,6.71,moderate rain
642,Orlik,RU,52.52,99.83,22.24,90,87,2.53,overcast clouds
643,Krasnogorsk,RU,55.82,37.32,53.6,75,6,8.95,clear sky
644,Ginda,IN,30.69,78.49,58.66,43,0,5.57,clear sky
645,Tommot,RU,58.96,126.29,43.43,82,100,3.78,overcast clouds
646,Manaira,BR,-7.71,-38.15,78.42,39,59,12.28,broken clouds
647,Riviere-Au-Renard,CA,49.0,-64.4,71.6,78,75,29.97,broken clouds
648,Mitsamiouli,KM,-11.38,43.28,78.46,78,0,5.01,clear sky
649,Lypova Dolyna,UA,50.56,33.8,60.71,50,98,18.61,overcast clouds
650,Fuyu,CN,45.18,124.82,45.45,81,84,5.77,broken clouds
651,Flagstaff,US,35.2,-111.65,81.0,8,1,6.49,clear sky
652,Koutsouras,GR,35.03,25.95,72.0,63,1,8.01,clear sky
653,Karratha,AU,-20.74,116.85,66.88,49,0,4.21,clear sky
654,Bilma,NE,18.69,12.92,90.68,12,7,4.5,clear sky
655,Vanimo,PG,-2.67,141.3,76.77,88,100,8.43,light rain
656,La Ronge,CA,55.1,-105.28,46.4,65,90,13.87,overcast clouds
657,Am Timan,TD,11.03,20.28,70.79,85,51,1.59,broken clouds
658,Baijiantan,CN,45.63,85.18,44.69,57,0,3.31,clear sky
659,Shvartsevskiy,RU,54.1,37.99,53.96,56,34,12.06,scattered clouds
660,Rio Grande,BR,-32.03,-52.1,68.0,90,46,7.47,light rain
661,Mattru,SL,7.62,-11.83,74.57,95,100,2.68,moderate rain
662,Newcastle,AU,-32.93,151.78,63.0,87,75,17.22,broken clouds
663,Lively,CA,46.43,-81.15,55.4,66,75,9.17,broken clouds
664,Thinadhoo,MV,0.53,72.93,83.23,68,100,5.23,moderate rain
665,Inhambane,MZ,-23.86,35.38,71.28,85,70,13.09,broken clouds
666,Oktyabrskoye,RU,43.06,44.74,53.6,87,100,2.24,overcast clouds
667,Songjianghe,CN,42.19,127.48,38.95,88,0,3.13,clear sky
668,Boden,SE,65.83,21.69,51.8,100,68,4.7,mist
669,Ilesha,NG,7.14,5.26,70.29,97,100,1.88,overcast clouds
670,Batagay,RU,67.63,134.63,27.28,87,54,3.91,broken clouds
671,Les Cayes,HT,18.2,-73.75,83.44,80,100,10.0,light rain
672,Praia,CV,14.92,-23.51,78.8,83,20,12.75,few clouds
673,Hohhot,CN,40.81,111.65,48.2,42,0,8.95,clear sky
674,Malanje,AO,-9.54,16.34,68.59,79,100,3.47,overcast clouds
675,Havoysund,NO,71.0,24.66,48.2,100,75,10.29,broken clouds
676,Margherita,IN,27.28,95.68,74.59,91,59,1.83,light rain
677,Pag,HR,44.45,15.06,51.8,93,0,2.24,clear sky
678,Merauke,ID,-8.47,140.33,78.35,70,94,16.49,overcast clouds
679,Jishou,CN,28.32,109.72,64.56,89,95,1.7,light rain
680,Guanay,BO,-15.5,-67.88,75.65,78,81,3.2,light rain
681,Johi,PK,26.69,67.61,88.72,55,0,7.92,clear sky
